age_group,avg_rx_spend,total_rx_spend,claim_count
18-34,317.76113259668506,115029.53,362
35-44,325.65075916230364,124398.59,382
45-54,395.69092105263155,180435.06,456
55-64,322.7998469387755,126537.54,392
65+,370.72954887218043,147921.09,399
